100% Pure,Chief Marketing Officer LinkedIn,https://www.linkedin.com/in/catherine-uhalde-6899455b
100% Pure,Chief Marketing Officer LinkedIn,https://www.linkedin.com/in/lisa-hart-campbell
100% Pure,Chief Marketing Officer LinkedIn,https://www.linkedin.com/in/bobpurcellmarketing
100% Pure,Chief Marketing Officer LinkedIn,https://www.linkedin.com/in/henson
100% Pure,VP Marketing LinkedIn,https://www.linkedin.com/in/catherine-uhalde-6899455b
100% Pure,VP Marketing LinkedIn,https://www.linkedin.com/in/bobpurcellmarketing
100% Pure,VP Marketing LinkedIn,https://in.linkedin.com/in/aman-prakash-40b39942
100% Pure,VP Marketing LinkedIn,https://au.linkedin.com/in/orla-hanby
100% Pure,Director Marketing LinkedIn,https://www.linkedin.com/company/purity-cosmetics
100% Pure,Director Marketing LinkedIn,https://au.linkedin.com/in/orla-hanby
100% Pure,Director Marketing LinkedIn,https://www.linkedin.com/in/prakashdarji
100% Pure,Marketing Manager LinkedIn,https://www.linkedin.com/in/catherine-uhalde-6899455b
100% Pure,Marketing Manager LinkedIn,https://www.linkedin.com/company/purity-cosmetics
100% Pure,Marketing Manager LinkedIn,https://www.linkedin.com/in/susie-wang-04053386
